motherhasjob,extracurriculars,job,studytime,age,fatherhasjob,familyincome,extraclasses,familysupport,college,scholarship,GRADE
no,no,yes,greater_than_10,14,yes,above_avg,yes,yes,yes,yes,A
yes,yes,no,2_to_5hr,18,no,below_avg,no,no,no,no,F
no,yes,no,less_than_2hr,15,yes,above_avg,yes,yes,no,no,C
yes,yes,no,5_to_10hr,18,yes,below_avg,no,yes,yes,yes,B
no,yes,no,less_than_2hr,17,yes,above_avg,yes,yes,yes,yes,C
no,yes,no,less_than_2hr,15,yes,above_avg,yes,yes,no,no,C
yes,yes,yes,5_to_10hr,17,yes,below_avg,yes,no,yes,yes,B
no,no,yes,greater_than_10,18,yes,below_avg,no,no,yes,yes,B
yes,yes,no,2_to_5hr,18,yes,below_avg,no,no,no,no,F
yes,yes,no,2_to_5hr,15,no,below_avg,no,no,no,no,F
no,yes,no,2_to_5hr,17,yes,above_avg,yes,yes,yes,yes,B
no,no,yes,5_to_10hr,16,yes,above_avg,yes,yes,yes,yes,A
no,no,yes,5_to_10hr,15,yes,above_avg,no,yes,yes,yes,B
no,yes,no,less_than_2hr,18,yes,above_avg,yes,yes,no,no,C
no,no,yes,2_to_5hr,16,yes,above_avg,yes,yes,no,no,C
no,yes,no,greater_than_10,18,no,below_avg,no,no,yes,yes,A
no,yes,no,less_than_2hr,17,yes,above_avg,yes,yes,no,no,C
no,yes,yes,5_to_10hr,17,yes,above_avg,yes,yes,yes,yes,B
no,yes,yes,2_to_5hr,18,yes,above_avg,no,yes,no,no,C
no,no,yes,greater_than_10,16,no,below_avg,no,no,yes,yes,A
yes,yes,no,less_than_2hr,15,yes,below_avg,no,no,no,no,F
yes,no,no,2_to_5hr,18,yes,above_avg,yes,yes,yes,yes,B
yes,yes,no,less_than_2hr,14,yes,below_avg,no,no,no,no,F
yes,yes,no,2_to_5hr,16,yes,below_avg,yes,no,yes,yes,B
yes,yes,no,2_to_5hr,17,yes,above_avg,yes,no,no,no,C
no,no,no,2_to_5hr,18,yes,above_avg,yes,no,no,no,C
no,yes,no,2_to_5hr,18,yes,above_avg,yes,yes,yes,yes,B
no,yes,yes,greater_than_10,14,yes,below_avg,no,no,yes,yes,A
yes,no,yes,5_to_10hr,16,yes,above_avg,no,yes,yes,yes,B
no,no,no,less_than_2hr,14,yes,above_avg,yes,yes,no,no,C
no,yes,no,2_to_5hr,14,yes,above_avg,yes,yes,yes,yes,B
no,no,yes,5_to_10hr,14,yes,above_avg,no,yes,yes,yes,B
yes,no,yes,greater_than_10,18,yes,below_avg,no,no,no,no,A
no,yes,yes,5_to_10hr,16,no,above_avg,yes,yes,yes,yes,A
no,yes,no,less_than_2hr,17,yes,above_avg,yes,yes,no,no,C
no,no,yes,5_to_10hr,14,yes,below_avg,no,no,yes,yes,B
no,yes,no,less_than_2hr,17,yes,above_avg,yes,yes,no,no,C
no,yes,no,less_than_2hr,14,yes,above_avg,yes,yes,yes,yes,A
no,no,yes,2_to_5hr,17,yes,below_avg,no,no,yes,yes,F
no,yes,no,less_than_2hr,18,yes,above_avg,yes,yes,yes,yes,C
no,yes,no,less_than_2hr,14,yes,above_avg,yes,yes,no,no,C
no,no,yes,5_to_10hr,16,yes,above_avg,yes,yes,yes,yes,A
no,yes,no,2_to_5hr,18,yes,above_avg,yes,yes,yes,yes,B
no,yes,no,5_to_10hr,17,yes,above_avg,yes,yes,yes,yes,A
yes,no,yes,greater_than_10,15,no,below_avg,no,no,yes,yes,A
no,no,yes,5_to_10hr,15,yes,above_avg,yes,yes,yes,yes,A
no,yes,no,5_to_10hr,15,yes,above_avg,yes,yes,no,no,C
yes,yes,no,less_than_2hr,18,yes,below_avg,no,no,no,no,F
no,yes,no,5_to_10hr,17,yes,above_avg,yes,yes,yes,yes,A
no,no,yes,greater_than_10,17,yes,above_avg,yes,yes,yes,yes,A
no,no,yes,greater_than_10,16,no,below_avg,yes,yes,yes,yes,A
yes,no,yes,greater_than_10,17,yes,above_avg,yes,yes,yes,yes,A
yes,yes,no,2_to_5hr,17,yes,above_avg,yes,yes,yes,yes,B
no,yes,no,less_than_2hr,18,yes,above_avg,yes,yes,no,no,C
no,yes,no,2_to_5hr,17,yes,above_avg,yes,yes,yes,yes,B
no,yes,no,less_than_2hr,14,no,above_avg,no,yes,no,no,C
yes,no,yes,5_to_10hr,15,yes,above_avg,no,yes,yes,yes,B
no,yes,yes,5_to_10hr,14,no,below_avg,no,no,yes,yes,B
no,yes,no,5_to_10hr,16,yes,above_avg,yes,yes,yes,yes,A
yes,yes,no,5_to_10hr,18,yes,below_avg,no,no,yes,yes,B
no,yes,no,less_than_2hr,18,yes,above_avg,yes,yes,no,no,C
no,yes,no,less_than_2hr,14,yes,above_avg,yes,yes,no,no,C
yes,no,yes,greater_than_10,16,yes,below_avg,no,no,yes,yes,A
no,no,yes,greater_than_10,16,yes,above_avg,yes,yes,yes,yes,A
no,no,yes,5_to_10hr,17,yes,above_avg,yes,yes,yes,yes,A
no,no,yes,5_to_10hr,15,yes,above_avg,yes,yes,yes,yes,A
no,yes,no,2_to_5hr,17,yes,above_avg,yes,yes,yes,yes,B
no,yes,no,less_than_2hr,14,yes,above_avg,no,yes,no,no,F
yes,yes,no,2_to_5hr,14,no,below_avg,yes,no,no,no,C
yes,yes,no,less_than_2hr,18,yes,below_avg,no,no,no,no,F
no,no,yes,2_to_5hr,16,no,above_avg,yes,yes,yes,yes,B
yes,no,no,5_to_10hr,14,yes,below_avg,no,no,yes,yes,B
yes,no,no,greater_than_10,17,yes,below_avg,no,no,yes,yes,B
no,no,yes,5_to_10hr,15,yes,above_avg,yes,yes,yes,yes,A
yes,no,yes,greater_than_10,15,yes,below_avg,yes,no,yes,yes,A
no,no,yes,greater_than_10,15,yes,above_avg,yes,yes,yes,yes,A
no,no,no,2_to_5hr,16,yes,above_avg,yes,yes,yes,yes,B
yes,yes,no,2_to_5hr,18,no,below_avg,yes,no,no,no,C
no,no,yes,5_to_10hr,15,yes,above_avg,yes,yes,yes,yes,A
no,no,yes,5_to_10hr,15,yes,below_avg,no,no,yes,yes,B
no,yes,no,2_to_5hr,18,yes,above_avg,yes,yes,yes,yes,B
yes,yes,yes,greater_than_10,15,no,below_avg,yes,yes,yes,yes,A
no,yes,no,2_to_5hr,17,yes,below_avg,no,no,no,no,F
no,yes,no,greater_than_10,18,yes,above_avg,yes,yes,yes,yes,A
yes,yes,no,less_than_2hr,18,yes,below_avg,no,no,no,no,C
no,no,no,2_to_5hr,18,yes,below_avg,yes,no,yes,yes,B
yes,yes,no,2_to_5hr,17,yes,below_avg,no,no,no,no,F
no,yes,yes,greater_than_10,16,yes,above_avg,yes,yes,yes,yes,A
yes,no,yes,2_to_5hr,15,yes,below_avg,no,no,no,no,F
yes,no,yes,5_to_10hr,17,yes,below_avg,yes,no,no,no,B
no,yes,no,5_to_10hr,14,yes,above_avg,yes,yes,yes,yes,A
no,no,yes,greater_than_10,18,yes,above_avg,yes,yes,yes,yes,A
no,no,no,2_to_5hr,16,yes,above_avg,yes,yes,yes,yes,B
no,yes,no,5_to_10hr,15,yes,above_avg,yes,yes,yes,yes,A
yes,yes,no,less_than_2hr,16,yes,above_avg,yes,yes,yes,yes,A
no,no,yes,greater_than_10,17,yes,above_avg,yes,no,yes,yes,A
no,yes,no,less_than_2hr,17,yes,above_avg,yes,yes,no,no,C
no,yes,no,less_than_2hr,18,yes,above_avg,yes,yes,no,no,C
yes,yes,no,2_to_5hr,18,yes,below_avg,no,no,no,no,F
yes,yes,no,2_to_5hr,17,yes,below_avg,no,no,no,no,F
no,yes,yes,5_to_10hr,17,yes,above_avg,yes,yes,yes,yes,A
no,yes,no,less_than_2hr,17,yes,below_avg,no,no,yes,yes,B
no,yes,no,2_to_5hr,15,yes,above_avg,yes,yes,no,no,C
no,yes,no,less_than_2hr,15,no,below_avg,no,yes,no,no,C
no,yes,no,less_than_2hr,17,yes,above_avg,yes,yes,no,no,C
yes,yes,no,less_than_2hr,18,yes,below_avg,no,no,no,no,C
no,yes,no,5_to_10hr,18,yes,below_avg,no,no,yes,yes,B
no,yes,no,2_to_5hr,15,yes,above_avg,no,yes,no,no,F
yes,no,no,less_than_2hr,17,yes,below_avg,no,no,no,no,F
no,no,yes,5_to_10hr,17,no,above_avg,no,yes,yes,yes,B
yes,no,yes,5_to_10hr,17,yes,below_avg,no,no,no,no,B
no,yes,no,less_than_2hr,17,yes,above_avg,yes,yes,yes,yes,C
no,no,yes,greater_than_10,18,yes,above_avg,yes,yes,yes,yes,A
no,no,yes,5_to_10hr,14,no,above_avg,yes,yes,yes,yes,A
no,no,yes,greater_than_10,16,yes,above_avg,yes,yes,yes,yes,B
no,no,yes,greater_than_10,18,yes,above_avg,yes,yes,yes,yes,A
no,no,yes,greater_than_10,18,yes,above_avg,yes,yes,yes,yes,A
no,yes,no,less_than_2hr,17,no,above_avg,yes,yes,yes,yes,C
no,yes,no,less_than_2hr,15,yes,above_avg,yes,yes,yes,yes,C
no,yes,no,less_than_2hr,17,yes,above_avg,yes,yes,no,no,C
no,no,yes,5_to_10hr,16,yes,above_avg,yes,yes,yes,yes,A
no,yes,no,2_to_5hr,16,yes,above_avg,yes,yes,yes,yes,B
yes,yes,no,2_to_5hr,17,yes,below_avg,no,no,no,no,C
no,no,yes,greater_than_10,18,yes,above_avg,yes,yes,yes,yes,A
no,yes,no,2_to_5hr,17,yes,above_avg,yes,yes,yes,yes,B
no,no,no,less_than_2hr,15,yes,above_avg,yes,no,no,no,C
no,yes,no,2_to_5hr,15,yes,above_avg,yes,yes,no,no,C
no,yes,no,less_than_2hr,17,yes,above_avg,yes,yes,no,no,C
no,yes,no,less_than_2hr,15,yes,below_avg,no,no,no,no,F
no,no,yes,2_to_5hr,18,yes,above_avg,yes,yes,yes,yes,B
no,no,yes,greater_than_10,15,yes,above_avg,yes,yes,yes,yes,A
no,yes,no,less_than_2hr,15,yes,above_avg,no,yes,no,no,C
no,no,yes,greater_than_10,16,yes,above_avg,yes,yes,yes,yes,A
no,no,yes,2_to_5hr,15,yes,above_avg,yes,yes,no,no,F
no,yes,no,2_to_5hr,16,no,above_avg,yes,yes,yes,yes,B
yes,yes,no,less_than_2hr,18,yes,below_avg,no,no,no,no,F
no,yes,no,less_than_2hr,16,yes,below_avg,no,no,no,no,F
no,no,yes,less_than_2hr,17,yes,above_avg,yes,yes,no,no,C
yes,no,yes,greater_than_10,17,yes,above_avg,yes,no,yes,yes,A
yes,yes,no,5_to_10hr,15,yes,below_avg,no,no,yes,yes,B
no,no,yes,greater_than_10,18,yes,above_avg,yes,yes,yes,yes,A
yes,yes,no,2_to_5hr,15,yes,below_avg,no,no,no,no,F
no,yes,no,less_than_2hr,17,yes,above_avg,yes,yes,no,no,C
yes,yes,yes,5_to_10hr,16,yes,below_avg,no,no,yes,yes,B
no,yes,no,2_to_5hr,16,yes,above_avg,yes,yes,yes,yes,B
no,yes,no,2_to_5hr,15,yes,above_avg,yes,yes,yes,yes,B
no,yes,no,greater_than_10,14,yes,above_avg,yes,no,yes,yes,A
no,no,yes,5_to_10hr,15,yes,above_avg,yes,yes,yes,yes,A
yes,yes,no,2_to_5hr,15,yes,below_avg,no,no,no,no,F
no,no,yes,less_than_2hr,14,yes,above_avg,yes,yes,no,no,C
no,yes,yes,greater_than_10,18,no,above_avg,yes,yes,yes,yes,A
yes,no,yes,2_to_5hr,15,yes,below_avg,yes,no,no,no,C
no,no,yes,5_to_10hr,16,no,above_avg,yes,yes,yes,yes,A
no,yes,no,2_to_5hr,17,yes,above_avg,no,yes,no,no,F
no,yes,yes,greater_than_10,14,no,above_avg,yes,yes,yes,yes,A
yes,no,yes,5_to_10hr,18,yes,above_avg,yes,yes,yes,yes,A
no,no,yes,5_to_10hr,15,yes,above_avg,yes,yes,yes,yes,A
no,yes,yes,5_to_10hr,15,yes,above_avg,yes,yes,yes,yes,A
yes,yes,no,5_to_10hr,15,yes,below_avg,no,no,yes,yes,B
no,yes,no,less_than_2hr,17,yes,above_avg,yes,yes,yes,yes,C
no,yes,yes,greater_than_10,17,yes,above_avg,yes,yes,yes,yes,A
yes,no,yes,5_to_10hr,15,yes,below_avg,no,no,no,no,B
no,yes,no,2_to_5hr,16,no,below_avg,yes,no,no,no,C
no,yes,yes,5_to_10hr,17,yes,below_avg,yes,no,no,no,B
yes,no,no,less_than_2hr,16,no,below_avg,no,no,no,no,F
no,no,yes,greater_than_10,15,yes,above_avg,yes,yes,yes,yes,A
no,yes,no,2_to_5hr,18,yes,above_avg,yes,no,no,no,C
no,yes,no,less_than_2hr,18,yes,above_avg,yes,yes,no,no,C
yes,no,yes,greater_than_10,15,yes,below_avg,no,no,yes,yes,A
no,yes,no,less_than_2hr,18,yes,above_avg,yes,yes,no,no,C
no,yes,no,less_than_2hr,16,yes,above_avg,yes,yes,no,no,C
no,no,yes,greater_than_10,16,yes,below_avg,yes,no,yes,yes,A
no,no,yes,2_to_5hr,17,yes,below_avg,no,no,no,no,C
no,no,yes,5_to_10hr,15,yes,above_avg,no,yes,no,no,B
no,yes,no,2_to_5hr,18,yes,above_avg,yes,yes,no,no,B
yes,yes,no,2_to_5hr,15,yes,above_avg,yes,yes,yes,yes,B
no,no,yes,2_to_5hr,16,yes,above_avg,yes,yes,yes,yes,B
yes,yes,no,2_to_5hr,18,yes,below_avg,no,no,no,no,C
no,yes,no,less_than_2hr,18,yes,above_avg,yes,yes,no,no,C
yes,yes,no,2_to_5hr,18,yes,below_avg,no,no,no,no,F
no,no,yes,greater_than_10,18,yes,above_avg,yes,yes,no,no,F
no,yes,no,less_than_2hr,18,yes,above_avg,yes,yes,no,no,C
no,no,yes,greater_than_10,14,yes,above_avg,yes,yes,yes,yes,A
yes,yes,no,2_to_5hr,18,yes,below_avg,no,no,no,no,F
no,yes,no,2_to_5hr,14,yes,below_avg,no,no,no,no,C
no,no,yes,greater_than_10,18,yes,above_avg,yes,yes,yes,yes,A
no,no,yes,2_to_5hr,14,yes,above_avg,no,yes,no,no,C
no,yes,no,2_to_5hr,16,yes,above_avg,yes,yes,no,no,F
yes,yes,no,less_than_2hr,15,yes,below_avg,yes,no,no,no,C
no,no,no,less_than_2hr,16,yes,above_avg,no,yes,no,no,C
no,yes,no,less_than_2hr,18,yes,above_avg,no,no,no,no,F
no,yes,no,2_to_5hr,15,yes,above_avg,yes,yes,no,no,C
yes,yes,no,less_than_2hr,14,yes,below_avg,no,no,no,no,F
no,yes,no,2_to_5hr,18,yes,above_avg,yes,yes,yes,yes,B
no,no,yes,5_to_10hr,17,yes,above_avg,yes,yes,yes,yes,A
yes,no,no,less_than_2hr,16,yes,above_avg,yes,yes,no,no,C
no,yes,no,less_than_2hr,17,yes,above_avg,yes,yes,no,no,C
no,yes,no,less_than_2hr,18,yes,below_avg,no,no,no,no,F
no,yes,no,2_to_5hr,18,yes,above_avg,no,yes,yes,yes,F
no,yes,no,less_than_2hr,17,no,below_avg,no,no,no,no,F
no,no,yes,5_to_10hr,15,yes,above_avg,no,yes,no,no,B
no,no,yes,5_to_10hr,17,yes,above_avg,yes,yes,yes,yes,A
no,yes,no,2_to_5hr,18,yes,below_avg,no,no,no,no,F
no,yes,no,2_to_5hr,18,no,below_avg,no,no,no,no,F
no,yes,no,less_than_2hr,15,yes,above_avg,yes,yes,no,no,C
no,no,yes,greater_than_10,18,yes,above_avg,yes,yes,yes,yes,A
no,no,no,2_to_5hr,16,yes,above_avg,yes,yes,yes,yes,B
no,yes,no,less_than_2hr,16,yes,above_avg,yes,yes,no,no,C
no,no,yes,5_to_10hr,16,yes,above_avg,yes,yes,yes,yes,B
no,no,yes,greater_than_10,18,yes,above_avg,yes,yes,yes,yes,A
no,yes,no,2_to_5hr,18,yes,above_avg,yes,yes,no,yes,B
yes,yes,no,5_to_10hr,14,yes,below_avg,yes,no,no,no,B
no,yes,no,2_to_5hr,16,yes,above_avg,yes,yes,yes,yes,B
no,yes,yes,greater_than_10,18,yes,above_avg,no,no,yes,yes,C
no,yes,no,2_to_5hr,18,yes,above_avg,yes,yes,yes,yes,B
no,no,no,less_than_2hr,14,no,below_avg,yes,no,no,no,C
no,yes,no,5_to_10hr,14,no,above_avg,yes,yes,yes,yes,A
no,no,yes,greater_than_10,18,yes,above_avg,yes,yes,yes,yes,A
no,yes,no,2_to_5hr,18,no,below_avg,no,no,no,no,C
yes,yes,no,2_to_5hr,16,yes,above_avg,yes,yes,yes,yes,B
no,no,no,less_than_2hr,16,yes,above_avg,yes,yes,yes,yes,C
no,no,yes,greater_than_10,16,yes,above_avg,yes,yes,yes,yes,A
no,yes,no,less_than_2hr,18,no,above_avg,yes,yes,no,no,C
no,yes,no,less_than_2hr,17,yes,above_avg,yes,yes,no,no,C
no,yes,no,5_to_10hr,14,yes,above_avg,yes,yes,yes,yes,A
no,yes,no,2_to_5hr,15,yes,above_avg,yes,yes,yes,yes,B
no,yes,yes,2_to_5hr,16,yes,below_avg,no,no,no,no,F
yes,yes,no,less_than_2hr,14,yes,below_avg,yes,no,no,no,C
no,yes,no,2_to_5hr,17,yes,below_avg,no,no,no,no,F
no,yes,yes,greater_than_10,16,yes,above_avg,yes,yes,yes,yes,A
no,no,yes,greater_than_10,15,yes,above_avg,yes,yes,yes,yes,A
no,no,yes,greater_than_10,14,yes,above_avg,yes,yes,no,no,A
no,yes,no,2_to_5hr,16,yes,above_avg,yes,yes,yes,yes,B
yes,yes,no,less_than_2hr,18,yes,below_avg,no,no,no,no,F
no,no,yes,greater_than_10,16,no,below_avg,yes,no,yes,yes,A
no,no,yes,greater_than_10,18,yes,above_avg,yes,yes,yes,no,A
no,yes,no,less_than_2hr,16,no,below_avg,no,no,no,no,F
yes,yes,no,5_to_10hr,15,yes,below_avg,no,no,yes,yes,B
no,no,yes,greater_than_10,15,yes,above_avg,yes,yes,yes,yes,A
no,yes,no,less_than_2hr,15,yes,above_avg,yes,yes,no,no,C
no,no,yes,5_to_10hr,15,yes,below_avg,no,no,yes,yes,B
no,no,yes,2_to_5hr,18,yes,above_avg,yes,yes,yes,yes,B
yes,no,no,5_to_10hr,15,yes,below_avg,no,no,no,no,B
yes,no,yes,5_to_10hr,17,yes,below_avg,no,yes,yes,yes,B
no,yes,no,less_than_2hr,15,yes,above_avg,yes,yes,no,no,C
no,no,yes,5_to_10hr,18,yes,above_avg,no,yes,yes,yes,B
yes,no,yes,5_to_10hr,17,yes,below_avg,no,no,yes,yes,B
no,no,yes,greater_than_10,14,no,above_avg,yes,yes,yes,yes,A
no,yes,no,less_than_2hr,18,yes,above_avg,yes,yes,no,no,C
yes,no,yes,5_to_10hr,18,yes,below_avg,no,no,yes,yes,B
yes,no,yes,5_to_10hr,15,yes,below_avg,no,no,yes,no,B
no,no,no,less_than_2hr,18,yes,above_avg,yes,yes,no,no,C
yes,no,yes,greater_than_10,15,yes,above_avg,yes,yes,yes,yes,A
no,yes,no,2_to_5hr,18,yes,above_avg,yes,yes,yes,yes,B
no,no,yes,greater_than_10,16,yes,above_avg,yes,yes,yes,yes,A
yes,yes,no,less_than_2hr,18,yes,below_avg,no,no,no,no,F
yes,yes,no,2_to_5hr,16,yes,above_avg,yes,yes,yes,yes,B
no,yes,no,2_to_5hr,17,no,below_avg,yes,no,no,no,C
yes,no,yes,greater_than_10,18,yes,below_avg,no,no,yes,yes,A
no,yes,no,less_than_2hr,18,yes,above_avg,yes,yes,no,no,C
no,yes,no,greater_than_10,16,yes,above_avg,yes,yes,yes,yes,A
yes,yes,no,5_to_10hr,15,yes,below_avg,no,no,yes,yes,B
no,yes,no,less_than_2hr,14,yes,above_avg,yes,yes,no,no,C
no,yes,no,2_to_5hr,15,yes,above_avg,yes,yes,no,no,F
no,yes,no,less_than_2hr,17,yes,above_avg,yes,no,no,no,C
no,yes,no,less_than_2hr,18,yes,below_avg,no,no,no,no,F
yes,yes,no,less_than_2hr,17,yes,below_avg,yes,no,no,no,C
no,yes,no,less_than_2hr,16,no,below_avg,no,no,yes,yes,B
no,yes,no,less_than_2hr,15,yes,below_avg,yes,no,no,no,C
no,no,yes,greater_than_10,16,yes,above_avg,no,yes,yes,yes,A
no,no,yes,greater_than_10,17,yes,above_avg,yes,no,yes,yes,A
no,yes,no,2_to_5hr,18,yes,above_avg,yes,yes,yes,yes,B
no,no,no,less_than_2hr,17,yes,above_avg,yes,yes,no,no,C
no,yes,no,2_to_5hr,18,no,above_avg,yes,yes,yes,yes,B
no,no,yes,greater_than_10,17,yes,above_avg,yes,yes,yes,yes,A
no,no,no,2_to_5hr,14,no,below_avg,no,no,no,no,F
yes,yes,no,2_to_5hr,17,yes,below_avg,no,yes,no,no,C
no,yes,no,5_to_10hr,17,yes,above_avg,yes,yes,yes,yes,A
no,yes,no,less_than_2hr,18,yes,above_avg,yes,yes,yes,yes,A
no,no,yes,5_to_10hr,16,yes,above_avg,yes,yes,yes,yes,B
no,no,yes,greater_than_10,15,no,below_avg,no,no,yes,yes,A
no,yes,no,less_than_2hr,14,yes,above_avg,yes,yes,no,no,C
no,no,yes,greater_than_10,18,yes,above_avg,no,yes,yes,yes,A
no,no,yes,5_to_10hr,16,no,above_avg,yes,yes,yes,yes,A
no,yes,no,2_to_5hr,15,yes,above_avg,yes,yes,yes,yes,A
no,no,no,2_to_5hr,15,no,below_avg,no,no,no,no,F
yes,yes,no,less_than_2hr,18,yes,below_avg,no,no,no,no,F
no,no,yes,2_to_5hr,14,yes,above_avg,yes,yes,yes,yes,B
yes,no,yes,5_to_10hr,14,no,below_avg,no,no,yes,yes,B
no,yes,yes,5_to_10hr,18,yes,above_avg,yes,no,yes,yes,B
yes,yes,no,less_than_2hr,16,yes,below_avg,yes,no,no,no,C
no,yes,no,2_to_5hr,18,yes,above_avg,yes,yes,no,no,F
no,no,yes,2_to_5hr,16,yes,above_avg,no,yes,no,no,C
yes,no,no,less_than_2hr,17,yes,below_avg,no,no,no,no,F
no,yes,no,5_to_10hr,17,yes,above_avg,yes,yes,yes,yes,A
no,yes,no,2_to_5hr,17,yes,above_avg,yes,yes,yes,yes,B
no,yes,no,less_than_2hr,15,no,below_avg,no,no,no,no,F
no,no,yes,5_to_10hr,15,yes,above_avg,yes,yes,yes,yes,A
no,yes,no,2_to_5hr,14,no,above_avg,yes,yes,no,no,F
yes,yes,no,greater_than_10,18,yes,below_avg,no,no,yes,yes,A
no,no,yes,2_to_5hr,17,yes,above_avg,yes,yes,yes,yes,B
no,yes,no,2_to_5hr,15,yes,below_avg,yes,no,no,yes,C
yes,yes,no,less_than_2hr,18,yes,below_avg,no,no,no,no,F
no,no,yes,greater_than_10,18,yes,above_avg,yes,yes,no,no,C
no,yes,no,2_to_5hr,17,yes,above_avg,yes,yes,yes,yes,B
no,yes,no,5_to_10hr,17,no,below_avg,no,no,yes,yes,B
no,yes,no,greater_than_10,17,yes,above_avg,no,yes,yes,yes,A
no,yes,no,less_than_2hr,15,yes,above_avg,yes,yes,no,no,C
no,no,yes,5_to_10hr,15,yes,below_avg,yes,no,yes,yes,A
no,no,yes,2_to_5hr,15,yes,above_avg,yes,yes,yes,yes,B
yes,yes,no,2_to_5hr,17,yes,below_avg,no,no,no,no,F
yes,yes,no,5_to_10hr,15,yes,below_avg,no,no,yes,yes,B
yes,no,yes,greater_than_10,16,yes,below_avg,no,no,yes,yes,A
no,no,yes,2_to_5hr,14,yes,above_avg,yes,yes,yes,yes,B
no,no,yes,greater_than_10,18,yes,above_avg,no,yes,yes,yes,A
no,no,no,less_than_2hr,15,yes,above_avg,yes,yes,no,no,C
no,no,no,less_than_2hr,15,no,above_avg,yes,yes,no,no,C
no,no,yes,5_to_10hr,18,yes,above_avg,yes,yes,no,no,A
no,no,yes,5_to_10hr,15,no,above_avg,yes,yes,yes,yes,A
no,yes,no,5_to_10hr,15,yes,above_avg,yes,yes,yes,yes,A
no,yes,no,less_than_2hr,17,yes,above_avg,yes,yes,no,no,C
yes,yes,no,less_than_2hr,14,yes,above_avg,no,yes,no,no,C
yes,no,yes,greater_than_10,17,yes,above_avg,yes,yes,yes,yes,B
no,no,yes,5_to_10hr,16,no,above_avg,yes,yes,yes,yes,A
no,yes,no,less_than_2hr,14,yes,above_avg,yes,yes,yes,yes,B
no,no,yes,2_to_5hr,14,yes,above_avg,yes,yes,yes,yes,B
no,no,yes,greater_than_10,18,yes,above_avg,yes,yes,yes,yes,A
no,no,no,2_to_5hr,18,no,below_avg,no,no,no,no,F
no,yes,no,less_than_2hr,15,yes,above_avg,yes,yes,no,no,F
no,no,yes,less_than_2hr,17,yes,above_avg,yes,yes,no,no,C
no,no,no,2_to_5hr,17,yes,below_avg,yes,no,no,no,C
yes,no,no,less_than_2hr,15,yes,below_avg,yes,no,no,no,C
no,yes,no,2_to_5hr,15,yes,above_avg,yes,yes,yes,yes,B
no,no,yes,greater_than_10,16,yes,above_avg,yes,yes,yes,yes,A
yes,yes,no,2_to_5hr,17,yes,below_avg,no,no,no,no,F
no,no,yes,5_to_10hr,14,yes,below_avg,yes,yes,yes,yes,A
no,no,yes,5_to_10hr,17,yes,above_avg,yes,yes,yes,yes,A
no,yes,no,less_than_2hr,14,no,below_avg,yes,no,no,no,C
no,no,yes,greater_than_10,18,yes,above_avg,no,yes,yes,yes,A
yes,yes,no,less_than_2hr,17,no,below_avg,no,no,no,no,F
no,yes,no,less_than_2hr,17,yes,above_avg,yes,yes,no,no,C
yes,no,no,less_than_2hr,16,yes,above_avg,yes,yes,no,no,C
no,yes,no,2_to_5hr,17,yes,above_avg,yes,yes,yes,yes,B
yes,no,no,less_than_2hr,18,yes,above_avg,yes,yes,no,no,C
no,yes,no,less_than_2hr,16,yes,above_avg,yes,yes,no,no,C
no,no,yes,greater_than_10,15,yes,above_avg,yes,yes,yes,yes,A
no,no,yes,greater_than_10,16,no,below_avg,no,no,yes,yes,A
yes,yes,no,less_than_2hr,17,no,below_avg,yes,no,no,no,C
no,yes,no,less_than_2hr,17,yes,above_avg,yes,yes,no,no,C
no,yes,no,2_to_5hr,18,yes,above_avg,yes,yes,yes,yes,B
no,yes,yes,2_to_5hr,17,yes,above_avg,no,yes,no,no,F
no,yes,no,2_to_5hr,15,no,above_avg,yes,yes,no,no,C
yes,no,yes,5_to_10hr,18,yes,above_avg,yes,yes,yes,yes,A
no,yes,no,5_to_10hr,14,yes,above_avg,yes,yes,yes,yes,A
yes,no,no,greater_than_10,16,no,below_avg,no,no,yes,yes,A
no,no,yes,5_to_10hr,15,no,below_avg,no,no,yes,yes,B
no,yes,no,less_than_2hr,16,no,above_avg,yes,yes,no,no,C
no,yes,no,2_to_5hr,16,yes,above_avg,yes,yes,yes,yes,B
no,no,yes,greater_than_10,16,yes,above_avg,yes,yes,yes,yes,A
no,no,yes,5_to_10hr,17,yes,above_avg,yes,yes,yes,yes,A
no,yes,no,less_than_2hr,17,yes,above_avg,yes,yes,no,no,C
no,no,yes,greater_than_10,17,yes,above_avg,yes,yes,yes,yes,A
no,no,yes,5_to_10hr,15,yes,above_avg,yes,yes,yes,yes,A
no,yes,yes,5_to_10hr,15,yes,above_avg,yes,yes,yes,yes,A
no,yes,no,2_to_5hr,14,yes,above_avg,no,no,no,no,F
no,no,yes,greater_than_10,15,no,below_avg,no,no,yes,yes,A
no,no,yes,greater_than_10,17,no,below_avg,no,no,yes,yes,A
no,no,no,less_than_2hr,15,yes,above_avg,no,yes,no,no,C
no,yes,no,less_than_2hr,14,yes,above_avg,yes,yes,no,no,C
no,yes,no,less_than_2hr,18,yes,above_avg,yes,yes,yes,yes,C
yes,yes,no,2_to_5hr,15,yes,below_avg,no,no,no,no,F
yes,no,no,2_to_5hr,17,yes,below_avg,no,no,no,no,F
no,no,yes,greater_than_10,18,yes,above_avg,yes,yes,yes,yes,A
yes,no,yes,greater_than_10,14,yes,below_avg,yes,yes,no,no,C
no,no,yes,5_to_10hr,16,no,above_avg,yes,yes,yes,yes,A
no,no,yes,greater_than_10,15,yes,above_avg,yes,yes,yes,yes,A
no,yes,no,2_to_5hr,16,yes,above_avg,yes,yes,yes,yes,B
no,yes,no,2_to_5hr,14,no,above_avg,yes,yes,no,no,F
no,yes,no,2_to_5hr,18,no,above_avg,no,yes,no,no,C
yes,yes,yes,greater_than_10,16,yes,above_avg,yes,yes,yes,yes,A
no,no,yes,less_than_2hr,15,yes,above_avg,no,yes,no,no,F
no,no,yes,greater_than_10,17,no,above_avg,yes,yes,yes,yes,A
no,no,yes,greater_than_10,18,yes,above_avg,yes,yes,yes,yes,A
no,no,yes,2_to_5hr,17,yes,below_avg,no,no,no,no,F
no,yes,no,less_than_2hr,14,yes,above_avg,yes,yes,no,no,C
no,no,yes,5_to_10hr,14,yes,above_avg,yes,yes,yes,yes,A
no,yes,no,less_than_2hr,18,yes,above_avg,yes,yes,no,no,C
no,yes,no,2_to_5hr,17,yes,above_avg,yes,yes,yes,yes,B
no,yes,no,greater_than_10,18,yes,above_avg,yes,yes,yes,yes,A
no,yes,no,5_to_10hr,17,yes,above_avg,yes,yes,yes,yes,A
no,no,yes,greater_than_10,17,yes,above_avg,no,yes,yes,yes,A
no,yes,no,less_than_2hr,18,yes,above_avg,no,yes,no,no,C
no,no,no,2_to_5hr,17,yes,above_avg,yes,yes,yes,yes,B
yes,no,yes,5_to_10hr,17,yes,above_avg,yes,yes,yes,yes,A
no,no,yes,greater_than_10,16,yes,above_avg,yes,no,yes,yes,A
no,no,no,5_to_10hr,15,yes,above_avg,yes,yes,yes,yes,A
yes,yes,yes,greater_than_10,15,yes,above_avg,yes,yes,yes,yes,A
no,no,no,less_than_2hr,18,yes,above_avg,no,yes,no,no,F
no,yes,no,less_than_2hr,16,yes,above_avg,yes,yes,no,no,C
yes,yes,no,less_than_2hr,15,yes,below_avg,no,no,no,no,F
no,yes,no,2_to_5hr,18,yes,above_avg,yes,yes,no,no,B
yes,no,no,2_to_5hr,18,yes,below_avg,no,no,no,no,F
no,no,no,2_to_5hr,14,yes,above_avg,no,yes,no,no,C
no,no,yes,greater_than_10,18,no,below_avg,no,no,yes,yes,A
no,yes,no,2_to_5hr,16,yes,above_avg,yes,yes,yes,yes,B
no,no,yes,greater_than_10,18,yes,above_avg,yes,yes,yes,yes,A
no,yes,no,less_than_2hr,16,yes,above_avg,yes,yes,no,no,C
yes,yes,no,2_to_5hr,17,yes,below_avg,no,no,no,no,F
no,yes,no,less_than_2hr,14,no,below_avg,no,no,no,no,F
yes,yes,no,less_than_2hr,15,yes,above_avg,yes,yes,no,no,F
yes,yes,no,5_to_10hr,15,yes,below_avg,no,no,yes,yes,B
no,no,no,5_to_10hr,14,no,below_avg,no,no,yes,yes,B
no,yes,no,2_to_5hr,14,yes,above_avg,yes,yes,yes,yes,B
no,no,yes,5_to_10hr,17,yes,below_avg,yes,no,yes,yes,B
no,yes,no,5_to_10hr,17,yes,above_avg,yes,yes,yes,yes,A
no,yes,no,less_than_2hr,18,yes,above_avg,no,yes,no,no,C
no,yes,no,2_to_5hr,17,yes,above_avg,yes,yes,yes,yes,B
no,yes,no,less_than_2hr,14,yes,above_avg,yes,yes,no,no,C
no,yes,no,2_to_5hr,17,yes,above_avg,no,yes,no,no,C
no,no,yes,5_to_10hr,16,yes,above_avg,yes,yes,yes,yes,A
no,yes,no,2_to_5hr,15,yes,above_avg,no,yes,no,no,C
yes,yes,no,less_than_2hr,17,yes,below_avg,no,no,no,no,F
no,yes,no,2_to_5hr,18,yes,below_avg,no,no,yes,yes,F
yes,no,yes,greater_than_10,17,yes,below_avg,yes,no,yes,yes,A
no,no,yes,greater_than_10,16,yes,above_avg,yes,yes,yes,yes,A
no,no,yes,5_to_10hr,16,yes,above_avg,no,yes,yes,yes,B
no,yes,no,less_than_2hr,14,yes,above_avg,yes,yes,no,no,C
yes,no,yes,greater_than_10,17,yes,below_avg,yes,no,yes,yes,A
no,yes,no,less_than_2hr,15,yes,above_avg,yes,yes,yes,yes,C
no,no,yes,5_to_10hr,18,yes,above_avg,yes,yes,yes,yes,A
no,yes,no,2_to_5hr,15,yes,above_avg,no,yes,no,no,C
no,yes,no,less_than_2hr,17,yes,above_avg,yes,yes,no,no,C
no,yes,no,less_than_2hr,14,no,above_avg,yes,yes,no,no,C
no,yes,yes,less_than_2hr,18,yes,above_avg,yes,yes,no,no,C
no,no,yes,less_than_2hr,18,yes,above_avg,yes,yes,no,no,C
yes,yes,no,less_than_2hr,15,yes,below_avg,yes,no,yes,yes,B
no,yes,no,2_to_5hr,17,yes,above_avg,no,yes,no,no,C
no,yes,no,2_to_5hr,15,yes,above_avg,yes,yes,yes,yes,B
yes,no,no,2_to_5hr,18,yes,below_avg,yes,no,no,no,C
no,yes,no,5_to_10hr,17,yes,above_avg,yes,yes,yes,yes,A
no,yes,yes,2_to_5hr,17,yes,above_avg,yes,yes,yes,yes,B
no,yes,no,2_to_5hr,15,yes,above_avg,yes,yes,yes,no,B
no,no,yes,greater_than_10,15,yes,above_avg,yes,yes,yes,yes,A
no,yes,no,2_to_5hr,18,yes,above_avg,yes,yes,yes,yes,B
yes,no,no,less_than_2hr,16,yes,above_avg,no,yes,no,no,C
no,no,yes,5_to_10hr,15,yes,above_avg,yes,yes,yes,yes,A
no,yes,no,less_than_2hr,15,yes,above_avg,yes,yes,no,no,C
yes,no,yes,5_to_10hr,16,yes,above_avg,yes,yes,yes,yes,A
no,no,no,less_than_2hr,18,yes,above_avg,yes,yes,no,no,C
no,yes,no,2_to_5hr,17,yes,below_avg,yes,no,no,no,C
yes,no,no,less_than_2hr,18,yes,below_avg,no,no,no,no,F
no,yes,no,2_to_5hr,17,no,above_avg,yes,yes,yes,yes,B
no,yes,no,2_to_5hr,14,yes,above_avg,yes,yes,yes,yes,B
yes,no,yes,less_than_2hr,18,yes,below_avg,no,no,no,no,F
no,no,yes,5_to_10hr,15,yes,above_avg,yes,yes,yes,no,A
no,yes,no,less_than_2hr,17,yes,above_avg,yes,yes,no,no,C
no,no,yes,5_to_10hr,15,yes,above_avg,yes,yes,yes,yes,A
no,yes,no,less_than_2hr,15,yes,above_avg,yes,no,no,yes,C
no,yes,yes,greater_than_10,15,yes,above_avg,yes,yes,yes,yes,A
no,yes,no,2_to_5hr,14,yes,above_avg,no,yes,no,no,F
yes,no,no,2_to_5hr,16,yes,below_avg,no,no,no,no,F
no,no,yes,2_to_5hr,18,no,below_avg,no,no,no,no,C
yes,yes,no,less_than_2hr,15,yes,above_avg,yes,yes,no,no,C
yes,yes,no,less_than_2hr,16,yes,above_avg,yes,yes,no,no,C
no,no,no,less_than_2hr,17,no,below_avg,no,no,no,no,F
no,no,yes,5_to_10hr,14,yes,above_avg,yes,yes,yes,yes,A
yes,yes,no,less_than_2hr,15,yes,below_avg,no,no,no,no,F
no,yes,no,2_to_5hr,18,yes,below_avg,no,no,no,no,F
no,yes,no,less_than_2hr,15,yes,above_avg,yes,yes,no,no,C
no,yes,no,less_than_2hr,14,yes,above_avg,no,yes,no,no,C
no,no,no,less_than_2hr,17,yes,above_avg,no,yes,no,no,C
yes,yes,no,less_than_2hr,17,yes,above_avg,yes,yes,no,no,C
no,yes,no,less_than_2hr,16,yes,above_avg,yes,yes,yes,yes,C
no,yes,no,2_to_5hr,17,no,below_avg,yes,no,no,no,C
no,yes,no,5_to_10hr,17,no,below_avg,no,no,yes,yes,B
no,yes,no,less_than_2hr,14,yes,above_avg,yes,yes,no,no,C
no,yes,no,greater_than_10,18,yes,above_avg,yes,yes,yes,yes,A
no,yes,no,less_than_2hr,15,yes,below_avg,no,no,no,no,F
yes,no,yes,greater_than_10,14,yes,above_avg,yes,yes,yes,yes,A
no,yes,no,2_to_5hr,17,yes,above_avg,yes,yes,no,no,C
no,no,yes,greater_than_10,16,yes,above_avg,yes,yes,yes,yes,A
no,yes,no,2_to_5hr,14,yes,above_avg,no,yes,no,no,C
no,no,yes,2_to_5hr,18,yes,above_avg,yes,yes,no,no,B
no,no,yes,greater_than_10,15,yes,above_avg,yes,yes,yes,yes,A
no,no,no,less_than_2hr,18,yes,below_avg,no,no,no,no,F
no,yes,yes,5_to_10hr,15,yes,above_avg,yes,yes,yes,yes,A
no,yes,no,5_to_10hr,17,yes,above_avg,yes,yes,yes,yes,A
no,yes,no,less_than_2hr,16,yes,above_avg,yes,yes,no,no,C
no,yes,no,5_to_10hr,18,yes,below_avg,no,no,yes,yes,B
no,yes,no,less_than_2hr,16,yes,above_avg,yes,yes,no,no,C
no,yes,no,less_than_2hr,18,no,above_avg,yes,yes,no,no,C
no,yes,no,less_than_2hr,16,yes,above_avg,yes,yes,no,no,C
no,yes,no,less_than_2hr,17,yes,above_avg,yes,yes,no,no,C
yes,no,no,2_to_5hr,14,no,below_avg,no,no,no,no,F
no,no,yes,greater_than_10,18,yes,above_avg,yes,yes,yes,yes,A
no,yes,yes,5_to_10hr,15,no,below_avg,no,no,yes,yes,B
no,yes,no,5_to_10hr,18,yes,above_avg,yes,yes,yes,yes,A
no,no,yes,greater_than_10,15,yes,above_avg,yes,yes,yes,yes,B
no,no,yes,5_to_10hr,17,yes,above_avg,yes,yes,yes,yes,B
no,no,yes,5_to_10hr,16,yes,above_avg,yes,yes,yes,yes,A
